{"cameraMode":{"drawMode":0,"name":"Shaded","section":"Shading Mode"},"sceneLighting":true,"audioPlay":false,"sceneViewState":{"showFog":true,"showMaterialUpdate":true,"showSkybox":true,"showFlares":true,"showImageEffects":true,"showParticleSystems":true},"in2DMode":false,"pivot":{"x":114.92753601074219,"y":-107.68360900878906,"z":-35.67858123779297},"rotation":{"x":-0.149818554520607,"y":-0.850091278553009,"z":0.3497384786605835,"w":-0.36413338780403139},"size":119.80966186523438,"orthographic":false}